iter	Logloss
0	0.5437209263
1	0.4854989312
2	0.4600748365
3	0.445728243
4	0.4388078104
5	0.4340114567
6	0.4305816909
7	0.4281612908
8	0.4260559827
9	0.423777258
10	0.4218356709
11	0.4205432437
12	0.4189499204
13	0.417578227
14	0.4160759176
15	0.4150376186
16	0.4140432692
17	0.4127285149
18	0.4120303068
19	0.4108466841
20	0.4099203375
21	0.4090050798
22	0.4084503213
23	0.4073833373
24	0.4064728953
